Reporter,Partner,Product categories,Indicator Type,Indicator,2015,2014,2013,2012,2011,2010,2009,2008,2007,2006,2005,2004,2003,2002,2001,2000,1999,1998,1997,1996,1995,1994,1993,1992,1991,1990,1989,1988
Turks and Caicos Isl.,...,...,Export,No. Of Export partners,,,,              6.00,              4.00,,              8.00,              5.00,              5.00,              4.00,              5.00,              6.00,              7.00,              6.00,              8.00,              8.00,              5.00,,,,,,,,,,,
Turks and Caicos Isl.,...,...,Export,No. Of Export products,,,,            218.00,            177.00,,              1.00,              1.00,              1.00,              1.00,              1.00,            243.00,            286.00,            318.00,            296.00,            338.00,            325.00,,,,,,,,,,,
Turks and Caicos Isl.,...,...,Import,No. Of Import partners,,,,             30.00,             33.00,,             13.00,             15.00,             10.00,             17.00,             11.00,             15.00,             16.00,             16.00,             18.00,             12.00,             17.00,,,,,,,,,,,
Turks and Caicos Isl.,...,...,Import,No. Of Import products,,,,           3298.00,           3361.00,,              1.00,              1.00,              1.00,              1.00,              1.00,           1126.00,           1114.00,           1113.00,           1098.00,           1102.00,           1112.00,,,,,,,,,,,
Turks and Caicos Isl.,...,...,Tariff,No. Of Tariff Agreement,,,,,,,,,,,,,,,,,,,,,,,,,,,,
Turks and Caicos Isl.,Anguila,All Products,Export,Trade (US$ Mil)-Top 5 Export Partner,,,,,,,,,              0.06,,,,,,,,,,,,,,,,,,,
Turks and Caicos Isl.,"Bahamas, The",All Products,Export,Trade (US$ Mil)-Top 5 Export Partner,,,,,              0.01,,              0.00,              0.02,              0.01,,,,,              0.02,,,,,,,,,,,,,,
Turks and Caicos Isl.,"Bahamas, The",All Products,Import,Trade (US$ Mil)-Top 5 Import Partner,,,,             37.12,             36.32,,              3.19,              3.20,              2.47,              2.58,              4.32,              3.79,              2.02,              2.19,              2.06,              1.86,              1.23,,,,,,,,,,,
Turks and Caicos Isl.,Bahrain,All Products,Export,Trade (US$ Mil)-Top 5 Export Partner,,,,,,,,,,,,,,,              0.01,,,,,,,,,,,,,
Turks and Caicos Isl.,Bahrain,All Products,Import,Trade (US$ Mil)-Top 5 Import Partner,,,,,,,,              0.17,,,,              0.12,              0.44,,              0.19,,,,,,,,,,,,,
Turks and Caicos Isl.,Belize,All Products,Import,Trade (US$ Mil)-Top 5 Import Partner,,,,,,,,              0.11,,,,,              0.10,,,,,,,,,,,,,,,
Turks and Caicos Isl.,Bosnia and Herzegovina,All Products,Import,Trade (US$ Mil)-Top 5 Import Partner,,,,,,,,,,,,,,              0.09,,,,,,,,,,,,,,
Turks and Caicos Isl.,Canada,All Products,Export,Trade (US$ Mil)-Top 5 Export Partner,,,,,,,,,,,              0.10,              0.01,,,,,,,,,,,,,,,,
Turks and Caicos Isl.,Canada,All Products,Import,Trade (US$ Mil)-Top 5 Import Partner,,,,,,,,,,,,,,,,              0.09,,,,,,,,,,,,
Turks and Caicos Isl.,Cape Verde,All Products,Import,Trade (US$ Mil)-Top 5 Import Partner,,,,,,,,,,              0.02,,,,,,,,,,,,,,,,,,
Turks and Caicos Isl.,Colombia,All Products,Import,Trade (US$ Mil)-Top 5 Import Partner,,,,,,,,,,,,              0.08,,,,,,,,,,,,,,,,
Turks and Caicos Isl.,Dominican Republic,All Products,Export,Trade (US$ Mil)-Top 5 Export Partner,,,,              0.01,,,              0.01,              0.00,              0.00,              0.01,              0.02,              0.01,,              0.02,,              0.02,              0.02,,,,,,,,,,,
Turks and Caicos Isl.,Dominican Republic,All Products,Import,Trade (US$ Mil)-Top 5 Import Partner,,,,,              0.89,,              0.66,              0.16,              0.53,              0.52,              0.35,              0.21,              0.23,              0.09,,,              0.14,,,,,,,,,,,
Turks and Caicos Isl.,Finland,All Products,Import,Trade (US$ Mil)-Top 5 Import Partner,,,,,,,,,,,,,,,,              0.14,,,,,,,,,,,,
Turks and Caicos Isl.,Guyana,All Products,Export,Trade (US$ Mil)-Top 5 Export Partner,,,,,,,,              0.00,,,,,,,,,,,,,,,,,,,,
Turks and Caicos Isl.,Guyana,All Products,Import,Trade (US$ Mil)-Top 5 Import Partner,,,,,,,,,,,,,,,,,              0.90,,,,,,,,,,,
Turks and Caicos Isl.,Haiti,All Products,Export,Trade (US$ Mil)-Top 5 Export Partner,,,,              0.01,              0.06,,              0.02,,              0.00,              0.01,              0.02,              0.02,              0.03,              0.03,              0.02,,              0.00,,,,,,,,,,,
Turks and Caicos Isl.,Haiti,All Products,Import,Trade (US$ Mil)-Top 5 Import Partner,,,,,,,,,              0.01,,,,,              0.09,              0.13,,,,,,,,,,,,,
Turks and Caicos Isl.,Italy,All Products,Export,Trade (US$ Mil)-Top 5 Export Partner,,,,,,,,,,,,,,,,              0.06,,,,,,,,,,,,
Turks and Caicos Isl.,Jamaica,All Products,Export,Trade (US$ Mil)-Top 5 Export Partner,,,,,,,,,,              0.00,              0.00,,,,              0.00,,,,,,,,,,,,,
Turks and Caicos Isl.,"Korea, Rep.",All Products,Import,Trade (US$ Mil)-Top 5 Import Partner,,,,,              0.44,,,,,,,,,,,,,,,,,,,,,,,
Turks and Caicos Isl.,Malaysia,All Products,Import,Trade (US$ Mil)-Top 5 Import Partner,,,,,,,,,              0.13,,,,,,,,,,,,,,,,,,,
Turks and Caicos Isl.,Mexico,All Products,Import,Trade (US$ Mil)-Top 5 Import Partner,,,,              0.48,,,,,,,,,,,,,,,,,,,,,,,,
Turks and Caicos Isl.,Panama,All Products,Import,Trade (US$ Mil)-Top 5 Import Partner,,,,,,,              0.88,,,              0.13,              0.23,,,,,,,,,,,,,,,,,
Turks and Caicos Isl.,St. Vincent and the Grenadines,All Products,Export,Trade (US$ Mil)-Top 5 Export Partner,,,,,,,              0.15,,,,,,              0.04,,,,,,,,,,,,,,,
Turks and Caicos Isl.,St. Vincent and the Grenadines,All Products,Import,Trade (US$ Mil)-Top 5 Import Partner,,,,,,,              1.32,,,,,,,,,,,,,,,,,,,,,
Turks and Caicos Isl.,Switzerland,All Products,Import,Trade (US$ Mil)-Top 5 Import Partner,,,,              1.74,,,,,,,,,,,,,,,,,,,,,,,,
Turks and Caicos Isl.,Trinidad and Tobago,All Products,Export,Trade (US$ Mil)-Top 5 Export Partner,,,,,,,,              0.01,,,,,,,,,              0.01,,,,,,,,,,,
Turks and Caicos Isl.,Ukraine,All Products,Export,Trade (US$ Mil)-Top 5 Export Partner,,,,              0.00,,,,,,,,,,,,,,,,,,,,,,,,
Turks and Caicos Isl.,United Kingdom,All Products,Export,Trade (US$ Mil)-Top 5 Export Partner,,,,,,,,,,,,,              0.09,,,              0.06,,,,,,,,,,,,
Turks and Caicos Isl.,United States,All Products,Export,Trade (US$ Mil)-Top 5 Export Partner,,,,             11.05,              5.87,,             20.57,             24.74,             16.18,             17.58,             14.58,             12.15,              9.64,              8.61,              7.22,              8.64,              7.61,,,,,,,,,,,
Turks and Caicos Isl.,United States,All Products,Import,Trade (US$ Mil)-Top 5 Import Partner,,,,            202.47,            207.90,,            369.09,            587.46,            577.45,            494.43,            298.59,            216.14,            165.82,            174.68,            153.80,            146.19,            144.48,,,,,,,,,,,
Turks and Caicos Isl.,Unspecified,All Products,Export,Trade (US$ Mil)-Top 5 Export Partner,,,,              0.76,              2.60,,,,,,,              0.02,              0.03,              0.02,              0.03,              0.03,              0.02,,,,,,,,,,,
Turks and Caicos Isl.,Unspecified,All Products,Import,Trade (US$ Mil)-Top 5 Import Partner,,,,             24.38,             12.66,,,,,,,,,,,,,,,,,,,,,,,
Turks and Caicos Isl.,Venezuela,All Products,Import,Trade (US$ Mil)-Top 5 Import Partner,,,,,,,,,,,              0.12,,,,              0.19,              0.20,              0.19,,,,,,,,,,,
Turks and Caicos Isl.,World,All Products,Tariff,Duty Free Imports (US$ Thousand),,,,,,,,,,,,,,,,,,,,,,,,,,,,
Turks and Caicos Isl.,World,Animal,Export,Export(US$ Mil),,,,              1.98,              1.28,,              1.08,              1.29,              2.98,              3.17,              4.62,              2.84,              1.63,              1.77,              2.00,              1.45,              1.80,,,,,,,,,,,
Turks and Caicos Isl.,World,Capital goods,Export,Export(US$ Mil),,,,              1.29,              1.28,,,,,,,              2.61,              3.76,              2.33,              1.47,              2.85,              2.53,,,,,,,,,,,
Turks and Caicos Isl.,World,Chemicals,Export,Export(US$ Mil),,,,              0.01,              0.00,,              0.01,              0.06,              0.08,              0.00,              0.03,              0.03,              0.04,              0.02,              0.01,              0.01,              0.10,,,,,,,,,,,
Turks and Caicos Isl.,World,Consumer goods,Export,Export(US$ Mil),,,,              8.14,              5.44,,,,,,,              6.12,              3.91,              4.20,              3.38,              3.72,              3.05,,,,,,,,,,,
Turks and Caicos Isl.,World,Food Products,Export,Export(US$ Mil),,,,              0.02,              0.00,,              3.35,              3.50,              2.86,              3.74,              4.06,              2.51,              1.90,              2.07,              2.08,              2.36,              1.51,,,,,,,,,,,
Turks and Caicos Isl.,World,Footwear,Export,Export(US$ Mil),,,,              0.00,              0.00,,              0.01,              0.00,              0.00,              0.00,              0.00,              0.00,              0.00,              0.00,              0.00,              0.00,              0.01,,,,,,,,,,,
Turks and Caicos Isl.,World,Fuels,Export,Export(US$ Mil),,,,              0.00,              0.00,,              0.04,              0.48,              0.00,              0.00,              0.01,              0.01,              0.00,              0.02,              0.05,              0.02,              0.00,,,,,,,,,,,
Turks and Caicos Isl.,World,Hides and Skins,Export,Export(US$ Mil),,,,              0.00,              0.00,,              0.00,              0.00,,              0.00,              0.01,              0.01,              0.00,              0.00,              0.00,              0.00,              0.00,,,,,,,,,,,
Turks and Caicos Isl.,World,Intermediate goods,Export,Export(US$ Mil),,,,              0.11,              0.31,,,,,,,              2.00,              1.04,              1.44,              1.44,              1.24,              1.88,,,,,,,,,,,
Turks and Caicos Isl.,World,Mach and Elec,Export,Export(US$ Mil),,,,              0.85,              0.74,,              9.03,             10.79,              4.24,              5.53,              2.26,              1.50,              3.33,              1.87,              1.43,              1.98,              1.53,,,,,,,,,,,
Turks and Caicos Isl.,World,Metals,Export,Export(US$ Mil),,,,              0.36,              0.39,,              0.88,              0.90,              1.65,              1.31,              0.79,              0.76,              0.29,              0.28,              0.13,              0.28,              0.14,,,,,,,,,,,
Turks and Caicos Isl.,World,Minerals,Export,Export(US$ Mil),,,,              0.01,              0.00,,              0.00,              0.00,              0.00,              0.00,,,              0.01,,              0.00,              0.00,              0.00,,,,,,,,,,,
Turks and Caicos Isl.,World,Miscellaneous,Export,Export(US$ Mil),,,,              0.44,              0.48,,              0.83,              3.07,              1.59,              1.81,              1.23,              2.50,              1.01,              0.47,              0.50,              0.99,              0.84,,,,,,,,,,,
Turks and Caicos Isl.,World,Plastic or Rubber,Export,Export(US$ Mil),,,,              0.02,              0.01,,              0.11,              0.16,              0.07,              0.03,              0.03,              0.05,              0.06,              0.04,              0.04,              0.12,              0.06,,,,,,,,,,,
Turks and Caicos Isl.,World,Raw materials,Export,Export(US$ Mil),,,,              2.04,              1.18,,,,,,,              1.40,              1.12,              0.61,              0.99,              0.86,              0.09,,,,,,,,,,,
Turks and Caicos Isl.,World,Stone and Glass,Export,Export(US$ Mil),,,,              0.28,              0.01,,              1.26,              0.52,              1.25,              0.41,              0.23,              0.50,              0.33,              0.24,              0.13,              0.11,              0.35,,,,,,,,,,,
Turks and Caicos Isl.,World,Textiles and Clothing,Export,Export(US$ Mil),,,,              0.02,              0.03,,              0.28,              0.13,              0.01,              0.22,              0.05,              0.89,              0.28,              0.36,              0.19,              0.16,              0.17,,,,,,,,,,,
Turks and Caicos Isl.,World,Transportation,Export,Export(US$ Mil),,,,              0.51,              0.67,,              3.80,              3.82,              1.50,              1.36,              1.35,              0.55,              0.67,              1.27,              0.41,              0.96,              1.12,,,,,,,,,,,
Turks and Caicos Isl.,World,Vegetable,Export,Export(US$ Mil),,,,              0.00,,,              0.00,              0.00,,              0.01,              0.02,              0.02,              0.28,              0.26,              0.27,              0.33,              0.00,,,,,,,,,,,
Turks and Caicos Isl.,World,Wood,Export,Export(US$ Mil),,,,              7.32,              4.93,,              0.08,              0.05,              0.02,              0.02,              0.03,              0.05,              0.03,              0.03,              0.03,              0.06,              0.04,,,,,,,,,,,
Turks and Caicos Isl.,World,All Products,Export,Exports (in US$ Mil),,,,             11.83,              8.53,,             20.76,             24.77,             16.26,             17.61,             14.72,             12.21,              9.85,              8.71,              7.29,              8.84,              7.67,,,,,,,,,,,
Turks and Caicos Isl.,World,Capital goods,Import,Import(US$ Mil),,,,             29.07,             24.14,,,,,,,             41.43,             32.45,             31.64,             26.55,             28.18,             29.55,,,,,,,,,,,
Turks and Caicos Isl.,World,Consumer goods,Import,Import(US$ Mil),,,,            188.79,            184.39,,,,,,,            131.70,            100.90,            113.95,             97.18,             90.12,             87.35,,,,,,,,,,,
Turks and Caicos Isl.,World,Intermediate goods,Import,Import(US$ Mil),,,,             19.37,             21.27,,,,,,,             27.78,             17.65,             15.41,             16.45,             15.49,             16.09,,,,,,,,,,,
Turks and Caicos Isl.,World,Raw materials,Import,Import(US$ Mil),,,,             27.75,             26.83,,,,,,,             19.39,             17.75,             16.20,             16.45,             14.55,             14.26,,,,,,,,,,,
Turks and Caicos Isl.,World,All Products,Import,Imports (in US$ Mil),,,,            268.53,            260.19,,            375.39,            591.25,            580.59,            497.76,            303.72,            220.60,            168.86,            177.34,            156.75,            148.67,            147.37,,,,,,,,,,,
Turks and Caicos Isl.,...,...,Trade Indicator,HH Market concentration index,,,,      0.44,      0.12,,      0.19,      0.29,      0.17,      0.19,      0.17,      0.14,      0.24,      0.31,      0.32,      0.36,      0.29,,,,,,,,,,,
Turks and Caicos Isl.,...,...,Trade Indicator,Index of export market penetration,,,,      1.22,      1.22,,      1.19,      1.27,      1.26,      1.26,      1.21,      1.19,      1.18,      1.22,      1.19,      1.18,      1.21,,,,,,,,,,,
Turks and Caicos Isl.,Anguila,All Products,Export,Partner share(%)-Top 5 Export Partner,,,,,,,,,      0.39,,,,,,,,,,,,,,,,,,,
Turks and Caicos Isl.,"Bahamas, The",All Products,Export,Partner share(%)-Top 5 Export Partner,,,,,      0.12,,      0.02,      0.06,      0.06,,,,,      0.27,,,,,,,,,,,,,,
Turks and Caicos Isl.,"Bahamas, The",All Products,Import,Partner share(%)-Top 5 Import Partner,,,,     13.82,     13.96,,      0.85,      0.54,      0.43,      0.52,      1.42,      1.72,      1.19,      1.24,      1.32,      1.25,      0.84,,,,,,,,,,,
Turks and Caicos Isl.,Bahrain,All Products,Export,Partner share(%)-Top 5 Export Partner,,,,,,,,,,,,,,,      0.07,,,,,,,,,,,,,
Turks and Caicos Isl.,Bahrain,All Products,Import,Partner share(%)-Top 5 Import Partner,,,,,,,,      0.03,,,,      0.06,      0.26,,      0.12,,,,,,,,,,,,,
Turks and Caicos Isl.,Belize,All Products,Import,Partner share(%)-Top 5 Import Partner,,,,,,,,      0.02,,,,,      0.06,,,,,,,,,,,,,,,
Turks and Caicos Isl.,Bosnia and Herzegovina,All Products,Import,Partner share(%)-Top 5 Import Partner,,,,,,,,,,,,,,      0.05,,,,,,,,,,,,,,
Turks and Caicos Isl.,Canada,All Products,Export,Partner share(%)-Top 5 Export Partner,,,,,,,,,,,      0.68,      0.07,,,,,,,,,,,,,,,,
Turks and Caicos Isl.,Canada,All Products,Import,Partner share(%)-Top 5 Import Partner,,,,,,,,,,,,,,,,      0.06,,,,,,,,,,,,
Turks and Caicos Isl.,Cape Verde,All Products,Import,Partner share(%)-Top 5 Import Partner,,,,,,,,,,      0.00,,,,,,,,,,,,,,,,,,
Turks and Caicos Isl.,Colombia,All Products,Import,Partner share(%)-Top 5 Import Partner,,,,,,,,,,,,      0.04,,,,,,,,,,,,,,,,
Turks and Caicos Isl.,Dominican Republic,All Products,Export,Partner share(%)-Top 5 Export Partner,,,,      0.05,,,      0.03,      0.00,      0.02,      0.07,      0.13,      0.07,,      0.21,,      0.25,      0.24,,,,,,,,,,,
Turks and Caicos Isl.,Dominican Republic,All Products,Import,Partner share(%)-Top 5 Import Partner,,,,,      0.34,,      0.18,      0.03,      0.09,      0.10,      0.11,      0.09,      0.14,      0.05,,,      0.10,,,,,,,,,,,
Turks and Caicos Isl.,Finland,All Products,Import,Partner share(%)-Top 5 Import Partner,,,,,,,,,,,,,,,,      0.10,,,,,,,,,,,,
Turks and Caicos Isl.,Guyana,All Products,Export,Partner share(%)-Top 5 Export Partner,,,,,,,,      0.00,,,,,,,,,,,,,,,,,,,,
Turks and Caicos Isl.,Guyana,All Products,Import,Partner share(%)-Top 5 Import Partner,,,,,,,,,,,,,,,,,      0.61,,,,,,,,,,,
Turks and Caicos Isl.,Haiti,All Products,Export,Partner share(%)-Top 5 Export Partner,,,,      0.10,      0.69,,      0.10,,      0.01,      0.08,      0.11,      0.20,      0.35,      0.32,      0.31,,      0.04,,,,,,,,,,,
Turks and Caicos Isl.,Haiti,All Products,Import,Partner share(%)-Top 5 Import Partner,,,,,,,,,      0.00,,,,,      0.05,      0.08,,,,,,,,,,,,,
Turks and Caicos Isl.,Italy,All Products,Export,Partner share(%)-Top 5 Export Partner,,,,,,,,,,,,,,,,      0.68,,,,,,,,,,,,
Turks and Caicos Isl.,Jamaica,All Products,Export,Partner share(%)-Top 5 Export Partner,,,,,,,,,,      0.02,      0.01,,,,      0.04,,,,,,,,,,,,,
Turks and Caicos Isl.,"Korea, Rep.",All Products,Import,Partner share(%)-Top 5 Import Partner,,,,,      0.17,,,,,,,,,,,,,,,,,,,,,,,
Turks and Caicos Isl.,Malaysia,All Products,Import,Partner share(%)-Top 5 Import Partner,,,,,,,,,      0.02,,,,,,,,,,,,,,,,,,,
Turks and Caicos Isl.,Mexico,All Products,Import,Partner share(%)-Top 5 Import Partner,,,,      0.18,,,,,,,,,,,,,,,,,,,,,,,,
Turks and Caicos Isl.,Panama,All Products,Import,Partner share(%)-Top 5 Import Partner,,,,,,,      0.23,,,      0.03,      0.08,,,,,,,,,,,,,,,,,
Turks and Caicos Isl.,St. Vincent and the Grenadines,All Products,Export,Partner share(%)-Top 5 Export Partner,,,,,,,      0.73,,,,,,      0.40,,,,,,,,,,,,,,,
Turks and Caicos Isl.,St. Vincent and the Grenadines,All Products,Import,Partner share(%)-Top 5 Import Partner,,,,,,,      0.35,,,,,,,,,,,,,,,,,,,,,
Turks and Caicos Isl.,Switzerland,All Products,Import,Partner share(%)-Top 5 Import Partner,,,,      0.65,,,,,,,,,,,,,,,,,,,,,,,,
Turks and Caicos Isl.,Trinidad and Tobago,All Products,Export,Partner share(%)-Top 5 Export Partner,,,,,,,,      0.05,,,,,,,,,      0.16,,,,,,,,,,,
Turks and Caicos Isl.,Ukraine,All Products,Export,Partner share(%)-Top 5 Export Partner,,,,      0.00,,,,,,,,,,,,,,,,,,,,,,,,
Turks and Caicos Isl.,United Kingdom,All Products,Export,Partner share(%)-Top 5 Export Partner,,,,,,,,,,,,,      0.94,,,      0.73,,,,,,,,,,,,
Turks and Caicos Isl.,United States,All Products,Export,Partner share(%)-Top 5 Export Partner,,,,     93.40,     68.74,,     99.09,     99.88,     99.51,     99.83,     99.06,     99.49,     97.92,     98.85,     99.11,     97.64,     99.24,,,,,,,,,,,
Turks and Caicos Isl.,United States,All Products,Import,Partner share(%)-Top 5 Import Partner,,,,     75.40,     79.91,,     98.32,     99.36,     99.46,     99.33,     98.31,     97.98,     98.20,     98.50,     98.12,     98.33,     98.04,,,,,,,,,,,
Turks and Caicos Isl.,Unspecified,All Products,Export,Partner share(%)-Top 5 Export Partner,,,,      6.45,     30.46,,,,,,,      0.16,      0.26,      0.28,      0.39,      0.30,      0.32,,,,,,,,,,,
Turks and Caicos Isl.,Unspecified,All Products,Import,Partner share(%)-Top 5 Import Partner,,,,      9.08,      4.87,,,,,,,,,,,,,,,,,,,,,,,
Turks and Caicos Isl.,Venezuela,All Products,Import,Partner share(%)-Top 5 Import Partner,,,,,,,,,,,      0.04,,,,      0.12,      0.14,      0.13,,,,,,,,,,,
Turks and Caicos Isl.,World,All Products,Trade Indicator,Country Growth (%),,,,     41.14,     26.35,,    -36.64,    -12.82,     32.76,     30.99,     -1.07,     -3.53,     13.72,     31.42,     20.96,     -9.17,     20.52,,,,,,,,,,,
Turks and Caicos Isl.,World,All Products,Tariff,Duty Free Tariff Lines Share (%),,,,,,,,,,,,,,,,,,,,,,,,,,,,
Turks and Caicos Isl.,World,Animal,Export,Export Product share(%),,,,     16.78,     15.01,,      5.20,      5.19,     18.34,     18.02,     31.38,     23.29,     16.53,     20.30,     27.44,     16.43,     23.45,,,,,,,,,,,
Turks and Caicos Isl.,World,Capital goods,Export,Export Product share(%),,,,     10.94,     14.96,,,,,,,     21.33,     38.16,     26.79,     20.12,     32.17,     33.00,,,,,,,,,,,
Turks and Caicos Isl.,World,Chemicals,Export,Export Product share(%),,,,      0.07,      0.03,,      0.06,      0.26,      0.48,      0.01,      0.19,      0.27,      0.36,      0.23,      0.18,      0.12,      1.33,,,,,,,,,,,
Turks and Caicos Isl.,World,Consumer goods,Export,Export Product share(%),,,,     68.78,     63.70,,,,,,,     50.08,     39.68,     48.23,     46.37,     42.11,     39.77,,,,,,,,,,,
Turks and Caicos Isl.,World,Food Products,Export,Export Product share(%),,,,      0.13,      0.00,,     16.13,     14.12,     17.59,     21.23,     27.58,     20.59,     19.31,     23.76,     28.51,     26.74,     19.68,,,,,,,,,,,
Turks and Caicos Isl.,World,Footwear,Export,Export Product share(%),,,,      0.02,      0.01,,      0.06,      0.00,      0.00,      0.02,      0.00,      0.01,      0.05,      0.03,      0.04,      0.06,      0.10,,,,,,,,,,,
Turks and Caicos Isl.,World,Fuels,Export,Export Product share(%),,,,      0.01,      0.02,,      0.17,      1.93,      0.02,      0.00,      0.07,      0.05,      0.00,      0.21,      0.69,      0.26,      0.04,,,,,,,,,,,
Turks and Caicos Isl.,World,Hides and Skins,Export,Export Product share(%),,,,      0.01,      0.01,,      0.02,      0.00,,      0.01,      0.09,      0.07,      0.02,      0.01,      0.01,      0.02,      0.01,,,,,,,,,,,
Turks and Caicos Isl.,World,Intermediate goods,Export,Export Product share(%),,,,      0.93,      3.63,,,,,,,     16.35,     10.54,     16.59,     19.71,     14.07,     24.55,,,,,,,,,,,
Turks and Caicos Isl.,World,Mach and Elec,Export,Export Product share(%),,,,      7.22,      8.65,,     43.48,     43.58,     26.09,     31.38,     15.36,     12.28,     33.78,     21.51,     19.69,     22.34,     19.99,,,,,,,,,,,
Turks and Caicos Isl.,World,Metals,Export,Export Product share(%),,,,      3.02,      4.53,,      4.25,      3.65,     10.17,      7.42,      5.39,      6.22,      2.94,      3.18,      1.84,      3.15,      1.88,,,,,,,,,,,
Turks and Caicos Isl.,World,Minerals,Export,Export Product share(%),,,,      0.09,      0.00,,      0.00,      0.00,      0.01,      0.00,,,      0.09,,      0.00,      0.01,      0.02,,,,,,,,,,,
Turks and Caicos Isl.,World,Miscellaneous,Export,Export Product share(%),,,,      3.73,      5.62,,      3.98,     12.38,      9.75,     10.26,      8.38,     20.50,     10.25,      5.41,      6.91,     11.14,     10.90,,,,,,,,,,,
Turks and Caicos Isl.,World,Plastic or Rubber,Export,Export Product share(%),,,,      0.14,      0.11,,      0.51,      0.66,      0.44,      0.19,      0.18,      0.40,      0.59,      0.47,      0.49,      1.39,      0.84,,,,,,,,,,,
Turks and Caicos Isl.,World,Raw materials,Export,Export Product share(%),,,,     17.23,     13.88,,,,,,,     11.43,     11.34,      7.00,     13.64,      9.77,      1.17,,,,,,,,,,,
Turks and Caicos Isl.,World,Stone and Glass,Export,Export Product share(%),,,,      2.37,      0.10,,      6.09,      2.08,      7.67,      2.31,      1.59,      4.06,      3.35,      2.73,      1.78,      1.27,      4.54,,,,,,,,,,,
Turks and Caicos Isl.,World,Textiles and Clothing,Export,Export Product share(%),,,,      0.16,      0.30,,      1.34,      0.52,      0.05,      1.25,      0.31,      7.26,      2.81,      4.17,      2.66,      1.86,      2.17,,,,,,,,,,,
Turks and Caicos Isl.,World,Transportation,Export,Export Product share(%),,,,      4.35,      7.81,,     18.33,     15.43,      9.23,      7.75,      9.16,      4.50,      6.81,     14.63,      5.68,     10.86,     14.55,,,,,,,,,,,
Turks and Caicos Isl.,World,Vegetable,Export,Export Product share(%),,,,      0.00,,,      0.00,      0.00,,      0.05,      0.12,      0.12,      2.81,      2.97,      3.72,      3.73,      0.02,,,,,,,,,,,
Turks and Caicos Isl.,World,Wood,Export,Export Product share(%),,,,     61.91,     57.80,,      0.39,      0.20,      0.14,      0.09,      0.20,      0.39,      0.33,      0.39,      0.36,      0.63,      0.47,,,,,,,,,,,
Turks and Caicos Isl.,World,Capital goods,Import,Import Product share(%),,,,     10.83,      9.28,,,,,,,     18.78,     19.22,     17.84,     16.94,     18.95,     20.05,,,,,,,,,,,
Turks and Caicos Isl.,World,Consumer goods,Import,Import Product share(%),,,,     70.31,     70.87,,,,,,,     59.70,     59.75,     64.26,     62.00,     60.62,     59.27,,,,,,,,,,,
Turks and Caicos Isl.,World,Intermediate goods,Import,Import Product share(%),,,,      7.21,      8.17,,,,,,,     12.59,     10.45,      8.69,     10.49,     10.42,     10.92,,,,,,,,,,,
Turks and Caicos Isl.,World,Raw materials,Import,Import Product share(%),,,,     10.33,     10.31,,,,,,,      8.79,     10.51,      9.13,     10.49,      9.78,      9.67,,,,,,,,,,,
Turks and Caicos Isl.,World,All Products,Tariff,Maximum Rate (%),,,,,,,,,,,,,,,,,,,,,,,,,,,,
Turks and Caicos Isl.,World,All Products,Tariff,Simple Average (%),,,,,,,,,,,,,,,,,,,,,,,,,,,,
Turks and Caicos Isl.,World,All Products,Tariff,Weighted Average (%),,,,,,,,,,,,,,,,,,,,,,,,,,,,
Turks and Caicos Isl.,World,Capital goods,Tariff,Weighted Average (%),,,,,,,,,,,,,,,,,,,,,,,,,,,,
Turks and Caicos Isl.,World,Consumer goods,Tariff,Weighted Average (%),,,,,,,,,,,,,,,,,,,,,,,,,,,,
Turks and Caicos Isl.,World,Intermediate goods,Tariff,Weighted Average (%),,,,,,,,,,,,,,,,,,,,,,,,,,,,
Turks and Caicos Isl.,World,Raw materials,Tariff,Weighted Average (%),,,,,,,,,,,,,,,,,,,,,,,,,,,,
Turks and Caicos Isl.,World,All Products,Trade Indicator,World Growth (%),,,,      0.03,      9.30,,    -12.27,      7.47,      7.24,      7.53,      6.13,     10.49,      8.10,      2.05,     -1.74,      7.43,      2.52,,,,,,,,,,,
